news_headline,news_article,news_category,compound,type_pred
delhi records 312 fresh covid19 cases highest 15 months,delhi recorded 312 fresh covid19 cases friday highest number daily cases 15 months according data shared health department three fatalities pushed death toll national capital 10918 1779 active covid19 cases delhi total number cases stands 640494,national,0.3182,positive
100 fine not wearing mask indore 6 found infected uk covid variant,fine 100 imposed not wearing mask indore said devendra singh additional commissioner indore municipal corporation friday comes six people found infected uk strain coronavirus cm shivraj singh chouhan said cases not fall night curfew imposed indore bhopal monday,national,-0.34,negative
maharashtra records 10000 new covid19 cases first time since oct,maharashtra reported 10216 fresh cases covid19 friday highest daily infections since midoctober last year state also registered 53 fatalities pushed death toll 52393 88838 active covid19 cases maharashtra total number cases stands 2198399,national,0.0,negative
aiadmk allots 20 tamil nadu assembly seats kanyakumari lok sabha seat bjp,tamil nadus ruling party india anna dravida munnetra kazhagam aiadmk allotted 20 assembly seats lok sabha bypoll seat kanyakumari bharatiya janata party bjp agreement signed aiadmk party coordinator panneerselvam joint coordinator edappadi palaniswami along tamil nadu bjp chief l murugan state election incharge ct ravi,national,0.0,negative
india reports 18327 new covid19 cases active cases cross 18l mark,india reported 18327 new covid19 cases 108 deaths last 24 hours per union health ministry total caseload reached 11192088 death toll reached 157656 number active covid19 cases india stood 180304 14234 patients discharged last 24 hours total discharges stood 10854128,national,0.4019,positive
mumbai reports 1173 new covid19 cases highest since october 28,mumbai friday reported 1173 new covid19 cases highest oneday spike since october 28 took total caseload far 331016 brihanmumbai municipal corporation said mumbai friday witnessed three new fatalities following death toll stood 11490 1151 covid19 patients discharged following recovery mumbais count active patients stood 10469,national,0.0,negative
govt makes airbags front seats mandatory new cars april 1,ministry road transport highways announced new rule require new cars dual front airbags frontseat passengers standard fitment april 1 2021 meanwhile existing vehicles required sold dual airbags august 31 2021 mandated important safety feature stated,national,0.0772,positive
salute soldiers courage eastern ladakh standoff rajnath,union defence minister rajnath singh friday addressing combined commanders conference ccc gujarat said salute selfless courage displayed soldiers recent eastern ladakh standoff ability secure indias territorial integrity sovereignty external threats internal challenges strengthened recent years singh added,national,0.4939,positive
bro builds 200ft bridge 26 days youkhand connectivity 13 villages restored,border roads organisation bro constructed 200foot long bailey bridge joshimathmalari road across rishiganga river uttarakhand ministry defence said bridge built record time 26 days restored connectivity 13 border villages chamoli cutoff flash floods last month bridge opened public wednesday,national,0.34,positive
6 bjp workers injured crude bomb blast west bengal,least six bjp workers injured crude bomb blast rampur village south 24 parganas district west bengal friday night injured workers getting treatment hospital alleged bomb thrown trinamool congress tmc workers returning wedding ani reported,national,-0.8625,negative
centre forms panel headed pm 75th iday sonia mamata among 259 members,central government constituted 259member national committee chairmanship pm narendra modi commemorate 75 years indias independence opposition leaders like congress chief sonia gandhi ncp head sharad pawar tmc chief mamata banerjee part panel also includes cji sa bobde singer lata mangeshkar nobel laureate amartya sen,national,0.0,negative
india sweden deepen bilateral ties smart cities emobility pm,india sweden deepen bilateral partnership increased collaboration areas like smart cities emobility smart grids waste management pm narendra modi said two countries held virtual summit friday launched joint projects innovation climate health cooperation fight pandemic build back strongersocieties said swedish pm stefan lofven,national,0.4019,positive
verifying facts reports myanmar policemen seeking refuge india mea,reports stated myanmar police personnel crossed india seeking refuge mizoram ministry external affairs spokesperson anurag srivastava said ascertaining facts revert details srivastava added not letting anybody enter senior government official told reuters,national,0.0,negative
girls get less financial support competitive exams boys smriti irani,union cabinet minister smriti z irani friday said girls not get much financial support competitive examinations compared boys speaking confederation indian industrys cii virtual forum women workforce added bias begins girl child given kitchen setdolls play boys given trucklego set,national,0.4325,positive
court rejects pleas challenging bihar stet retest asks bseb release result,patna high court dismissed writ petitions challenging retest bihar secondary teachers eligibility test stet 2019 ordered bihar school examination board bseb declare results pleas cited outofsyllabus questions asked stet retest held amid pandemic 2020 court also directed state government bseb form syllabus stet,national,-0.3818,negative
not agree senas demand bharat ratna savarkar maha cong chief,maharashtra congress chief nana patole friday said party not agree shiv sena demand bharat ratna vinayak damodar savarkar confer bharat ratna responsibility central government not issue state government patole said added bharat ratna conferred savitribai phule shahuji maharaj,national,-0.1877,negative
karti writes cong requesting priyankas name kanyakumari bypolls,mp tamil nadus sivaganga karti chidambaram friday filed application congress election committee requesting priyanka gandhi vadra contest kanyakumari lok sabha bypolls definitely enthuse cadrewill good sign women karti added following congress mp vasanthakumars demise 2020 kanyakumari constituency fell vacant,national,0.0,negative
see battlefield suvendu adhikari mamata banerjee,bjp leader suvendu adhikari friday challenged cm mamata banerjee said see battlefield comes ruling dispensation released list candidates upcoming assembly polls banerjee reiterated contest nandigram constituency people nandigram raise voice want son medinipur not outsiders adhikari added,national,-0.3818,negative
cpi contest 6 seats tamil nadu polls part dmk alliance,cpi contest six constituencies upcoming tamil nadu assembly elections part dmk alliance earlier vck also signed memorandum dmk assembly elections contest six constituencies voting tamil nadu take place april 6 counting votes take place may 2,national,0.0,negative
congress win priority campaign wherever party invites azad,senior congress leader ghulam nabi azad friday said victory congress party forthcoming state elections priority added campaigning wherever invited party individual earlier azad praised pm narendra modi stating not hide true self,national,0.7579,positive
taapsee denies allegations raids says not sasti anymore,actress taapsee pannu took twitter react income tax department raids properties taapsee said no bungalow name paris receipts 5 crore payment added no raid 2013 property either ps not sasti anymore wrote,business,-0.4215,negative
taapsees boyfriend tweets sports minister raid rijiju responds,sports minister kiren rijiju responded taapsee pannus boyfriend badminton coach mathias boes tweet raids taapsee representing indiaascoach meanwhile department raiding taapsees houseskirenrijiju please something wrote mathias law ofland supremesubject matter beyond domain must stick toprofessional duties rijiju replied,business,0.0,negative
us blocking raw materials hamper global vaccine efforts adar poonawalla,serum institute india ceo adar poonawalla told world bank panel us law blocking export raw materials including bags filters hamper global vaccination efforts novavax vaccine major manufacturer needs items fromus added us government invoked defense production act prioritise supplies pfizer vaccine,business,-0.3818,negative
jack dorsey auctions 1st ever tweet 15 yrs ago unique digital certificate,twitter ceo jack dorsey auctioning social media platforms first ever tweet nonfungible token tweet read setting twttr sent dorsey march 2006 highest bid received far 267000 195 crore buyer get unique digital certificate tweet signed dorsey,business,0.0,negative
john mcafee charged fraud us cryptocurrency schemes,cybersecurity entrepreneur john mcafee indicted fraud money laundering charges two cryptocurrency schemes us justice department said mcafee accomplices allegedly made 13 million promoting cryptocurrencies twitter artificially inflate prices october 2020 mcafee arrested spain tax evasion currently facing extradition us,business,-0.6808,negative
man found dead not car found near ambanis home custody minister,maharashtra minister anil deshmukh said mansukh hiren allegedly died suicide not owner scorpio car found abandoned explosive material near mukesh ambanis residence deshmukh stated hiren kept car custody owner sam muten not pay maintenance interior earlier police said hiren cars owner,business,-0.6486,negative
govt aims reduce 6000 compliance requirements businesses pm modi,pm narendra modi said government aiming away 6000 compliance requirements businesses central state level stated government believes government interference everything creates problems rather solutions therefore selfregulation selfattesting selfcertification emphasised pm modi added,business,0.0,negative
owner car abandoned explosive material near ambanis house dies suicide,man named mansukh hiren whose scorpio car used plant gelatin sticks threat letter near mukesh ambanis residence mumbai found dead per police mansukh died suicide jumping kalwa creek mansukh reportedly told investigating officials car stolen,business,-0.8176,negative
use cheap oil bought last year saudi india asks opec ease output cuts,saudi energy minister prince abdulaziz bin salman said india use crude purchased cheaply last year comments came india urged organization petroleum exporting countries opec ease production curbs fulfil promise stable oil prices thursday opec allies extended output cuts till april,business,0.0772,positive
duty appeal fm cairn wins 12 bn arbitration award tax dispute,finance minister nirmala sitharaman friday hinted government intends appeal arbitration panels order asking india pay 12 billion uks cairn energy tax dispute find arbitration award questioning indias sovereign authority taxif question sovereign right taxit duty appeal added,business,0.6705,positive
economy better 8 contraction prediction finance ministry,finance ministry said indian economy likely better 8 contraction projected 202021 positive gdp growth december quarter first time since covid19 pandemic added positive sentiment ministry added indian economy come recession expanded 04 third quarter,business,0.4404,positive
india receives highest fdi 675 bn first nine months 202021,india received foreign direct investment 675 billion april december 2020 marking highest ever amount first nine months financial year inflows 22 higher compared 5514 billion received period 201920 according government data inflows december alone jumped 24 92 billion year ago,business,0.0,negative
elon musk loses 62 billion day no longer worlds second richest,tesla ceo elon musk lost 62 billion day slipped third position worlds richest persons list per forbes forbes estimates musks current net worth 1509 billion french billionaire businessman bernard arnault family taken musks place net worth 1556 billion forbes added,business,-0.0258,negative
muthoot group chairman mg george muthoot passes away aged 71,muthoot group chairman mg george muthoot passed away age 71 delhi friday taken escorts hospital falling stairs home according indian express leadership muthoot finance limited flagship company muthoot group became indias largest gold financing company amongst nbfcs,business,0.0,negative
blackstone talks acquire minority stake sify report,usbased blackstone group exclusive talks acquire minority stake chennais sify technologies bloomberg reported sify sought valuation around 1 billion 12 billion transaction however unclear valuation blackstone stake purchase struck talks firms could still fall apart,business,0.0,negative
softbank strategy chief katsunori sago resign march 31,softbank groups chief strategy officer katsunori sago resigning march 31 sago joined softbank 2018 japan post formerly vice chairman goldman sachs japan one highestpaid executives softbank earned 101 million financial year ended march 2020,business,-0.34,negative
chamath palihapitiya sells 213m personal stake virgin galactic,billionaire investor chamath palihapitiya sold remaining personal holding virgin galactic raising 213 million palihapitiya virgin galactics chairman sold 62 million shares average price 3432 week us sec filings revealed still owns 158 million shares partner ian osborne investment firm social capital hedosophia,business,0.0,negative
entire fiscal stimulus funded borrowings revenues fm,finance minister nirmala sitharaman friday said entire fiscal stimulus announced government would funded borrowings revenues added not rupee taken taxpayers fund stimulus aatmanirbhar bharat package announced government 2020 estimated 271 lakh crore,business,0.0,negative
govt rbi likely retain inflation band next 5 years,consultations finance ministry rbi indicate government continue retain existing 2 6 inflation band next five years government official reportedly said earlier government considering proposal raise inflation target help revive economic activity following covid19 outbreak,business,0.0,negative
fuel tax cut joint call centre states fm sitharaman,finance minister nirmala sitharaman said high petrol diesel prices burden consumers tax cut joint call centre states states also charging duties centre draws revenue 41 goes state fm added according reports taxes constitute 60 petrol price,business,-0.2732,negative
taapsees boyfriend tweets sports minister raid rijiju responds,sports minister kiren rijiju responded taapsee pannus boyfriend badminton coach mathias boes tweet raids taapsee representing indiaascoach meanwhile department raiding taapsees houseskirenrijiju please something wrote mathias law ofland supremesubject matter beyond domain must stick toprofessional duties rijiju replied,sports,0.0,negative
rohan gavaskar responds man tweets daddy quota still works pic,excricketer rohan gavaskar responded man commented daddy quota still works picture bus india legends team participating road safety world series got school rohan wrote feel sorry parentsimagine must feel knowing son troll added,sports,0.0,negative
rishabh pant brings 1st international hundred india six,india wicketkeeper rishabh pant friday smashed first international hundred india reaching threefigure mark six 115th delivery first innings fourth test england pant scored three test hundreds first two hundreds scored abroad come england australia 2018 2019 respectively,sports,0.0,negative
england batsman issues clarification breakfast picture pcb criticised,england batsman alex hales represents islamabad united pakistan super league issued clarification pakistan cricket board criticised relation picture breakfast shared hales one meal order incorrecti found funny nothing food hospitality excellenthope clears hales said,sports,-0.4215,negative
nobody say even word parag gill kohli trolled ducks,rajasthan royals allrounder riyan parag defended india captain virat kohli opener shubman gill trolled getting ducks ongoing test england tweeted absolutely nobody even say word themlet alone meme themthey best india reason please not embarrass show respect,sports,0.0,negative
rohit shares pic pant hundred says not mental,team india opener rohit sharma took instagram share picture rishabh pant latter slammed first international hundred india mental not well played though spidey rohit captioned picture pant slammed 101 runs 118 deliveries today innings included 13 fours two sixes,sports,0.296,positive
jaffer trolls vaughan hera pheri meme gavaskars chal phut remark,punjab kings batting coach wasim jaffer took twitter troll exengland captain michael vaughan former england cricketers hera pheri meme comes exindia captain sunil gavaskar said indian media not give importance remarks indian pitches adding tell chal phut jaffer used onoff mock vaughan,sports,0.0,negative
indias foreign athletics coach found dead hostel room 3 days coming india,indias belarusian athletics coach nikolai snesarev found dead hostel room national institute sports nis punjabs patiala friday 72yearold come india march 2 indian grand prix 3 dead body sent government hospital postmortem,sports,-0.6486,negative
virat kohlis lookalike spotted narendra modi stadium pics go viral,lookalike team india captain virat kohli spotted narendra modi stadium second day fourth test several pictures lookalike went viral social media reacting picture fan tweeted virat kohli max pro another wrote viratsiraj australia another fan commented,sports,0.0,negative
models coming weddings happening akhtar criticises pcb psl bubble,expakistan fast bowler shoaib akhtar criticised pakistan cricket board pcb pakistan super league psl bubble league got postponed due coronavirus cases competition pcb not get specific hotel players asked added bubble breached models coming weddings happening players taking photos,sports,-0.3182,negative
sachinsehwag score 114 runs 61 balls india legends beat bangladesh legends,sachin tendulkar virender sehwag shared unbeaten partnership 114 runs 61 balls india legends defeated bangladesh legends road safety world series t20 tournament sehwag scored unbeaten 80 35 deliveries including 10 fours five sixes sachin slammed unbeaten 33 runs 26 balls including five fours,sports,0.0,negative
shot 2021 aakash chopra pant reverse sweeps anderson new ball,reacting india wicketkeeper rishabh pant reverse sweeping englands 38yearold pacer james anderson new ball cricketerturnedcommentator aakash chopra tweeted shot 2021 audacious adventurous pant absolute freak love play bits talking shot pant said everything goes way try luck sometimes,sports,0.0,negative
virat kohlis reaction rishabh pants hundred goes viral,team india captain virat kohlis reaction rishabh pant reaching hundred fourth test england gone viral kohli jumped seat ran towards dressing room balcony applaud pant slammed 101 runs 118 deliveries hundred pants third test cricket first international ton indian soil,sports,0.0,negative
pants ton sundars 60 help india take 89run lead england day 2,india ended second day fourth test ahmedabad 2947 leading england 89 runs wicketkeeper rishabh pant slammed 101 washington sundar unbeaten 60 captain virat kohli got duck second series first time since 2014 kohli registered two ducks test series,sports,0.4019,positive
anderson becomes first england bowler take 900 wickets international cricket,james anderson become first england bowler take 900 wickets across formats international cricket 38yearold achieved feat dismissing ajinkya rahane second day fourth test ahmedabad overall sixth bowler take 900 international wickets glenn mcgrath shane warne muttiah muralitharan anil kumble wasim akram,sports,0.0,negative
not worried yet rcbs mike hesson jamiesons performance t20is,rcbs director cricket operations mike hesson said not worried yet performance new zealand pacer kyle jamieson bought 15 crore ipl 2021 auction jamieson picked one wicket four t20is australia conceding 175 runs highest among bowlers series,sports,0.2235,positive
england playing 4th test team suited last test nasser hussain,exengland captain nasser hussain criticised englands team selection fourth final test india saying not read conditions well left two seamers thought ball would spin day one againbut game england needed three seamers extra spinner stated,sports,0.2023,positive
countries send players pak inzamam covid19 cases psl,ongoing season psl 2021 postponed due outbreak covid19 inside biosecure bubble expakistan captain inzamamulhaq said psl pinpoint culprits create future problemsnow countries send players country asked inzamam many seven cases reported competition,sports,0.0,negative
every time see rahane bat not give kind security manjrekar,commentator sanjay manjrekar said ajinkya rahanes batting days not give kind security used give every time see bat short confidence batsman seems extremely insecure manjrekar added rahane scored 112 runs six innings far england tests,sports,-0.5875,negative
smith wants captain australia captain australia usman khawaja,australian cricketer usman khawaja said no reason batsman steve smith not line become australias test captain smith number one batsmanhe paid mistakesif wants captain australia think captain australia stated smiths captaincy ban 24 months sandpaper scandal ended march 2020,sports,0.0,negative
music video iranian app features us porn actress probe ordered,music video iranian entertainment app rubika included appearance us porn actress alexis texas prompted outrage among authorities launched investigation iranian media reported app published teaser tehran tokyo music video usbased iranian pop singer sasy whose videos not authorised iran,world,0.0,negative
us blocking raw materials hamper global vaccine efforts adar poonawalla,serum institute india ceo adar poonawalla told world bank panel us law blocking export raw materials including bags filters hamper global vaccination efforts novavax vaccine major manufacturer needs items fromus added us government invoked defense production act prioritise supplies pfizer vaccine,world,-0.3818,negative
lift ban trump risk violence decreases youtube ceo,youtube ceo susan wojcicki said platform lift ban former us president donald trump risk violence decreased said youtube look government warnings violent rhetoric determine safe lift suspension youtube suspended trumps channel post us capitol violence january 6,world,-0.8689,negative
path nasa started watching star trek child swati mohan biden,swati mohan leads guidance navigation control operations nasas mars 2020 mission told us president joe biden path nasa began watched star treks first episode child captured attention really closeknit team working togetherwith sole purpose exploring space understanding new things said,world,0.0,negative
verifying facts reports myanmar policemen seeking refuge india mea,reports stated myanmar police personnel crossed india seeking refuge mizoram ministry external affairs spokesperson anurag srivastava said ascertaining facts revert details srivastava added not letting anybody enter senior government official told reuters,world,0.0,negative
india sweden deepen bilateral ties smart cities emobility pm,india sweden deepen bilateral partnership increased collaboration areas like smart cities emobility smart grids waste management pm narendra modi said two countries held virtual summit friday launched joint projects innovation climate health cooperation fight pandemic build back strongersocieties said swedish pm stefan lofven,world,0.4019,positive
govt responds us organisation downgrades india free partly free,centre responded usbased think tank freedom house demoted indias freedom score free partly free calling misleading incorrect misplaced government said many states india federal structure ruled parties thanone atnational level throughfree fair election process reflectsworking vibrant democracy added,world,0.7436,positive
indianamericans taking us joe biden,interacting swati mohan charge landing perseverance rover mars nasa scientists us president joe biden said indianofdescent americans taking country incredible honour biden said talking mohan less 50 days presidency biden appointed least 55 indianamericans key leadership positions,world,0.0,negative
farmers protest indias internal matter uk govt ahead debate parliament,farmers protest indias internal matter india resolve new british high commissioner india alex ellis said said ahead uk parliament debate press freedom safety protesters india scheduled next monday things happening india ripples uk large indian diaspora ellis said,world,-0.2263,negative
17 food produced globally year wasted un report,un report estimates 17 food produced globally year wasted amounts 931 million metric tons food waste 61 happens households food services account 26 retailers account 13 wastage food discarded homes alone 74 kg per person year average,world,-0.4939,negative
banksy confirms uk prison wall art shares video creating,british artist banksy confirmed artwork appeared red brick wall former prison uks reading elusive artist shared instagram video process painting stencil graffiti prisoner escaping wall artwork appeared monday,world,0.0258,positive
pakistan pm imran khan forgets sentence speech gets trolled,addressing pakistan day suffering setback senate election pakistan pm imran khan forgot saying speech yeh jo sare pdm keinke joye jo bade badekya hain ye jo bhi hai heard saying trolling twitter user wrote bade bade shehron mein aisi choti choti baatein hoti rehti hain,world,0.0772,positive
feel full beans gave latenight cheese uk pm losing 6kg weight,losing 6kg weight uk pm boris johnson said actually lost weight quite lot standards feel much energetic feel full beans adding avoiding chocolate gave latenight cheese said government wants encourage 700000 people around country become fitter healthier,world,-0.3818,negative
use cheap oil bought last year saudi india asks opec ease output cuts,saudi energy minister prince abdulaziz bin salman said india use crude purchased cheaply last year comments came india urged organization petroleum exporting countries opec ease production curbs fulfil promise stable oil prices thursday opec allies extended output cuts till april,world,0.0772,positive
threesome sex made better cope depression trumps exlawyers daughter,caroline giuliani daughter donald trumps former lawyer rudy giuliani written exploring sexuality magazine 31yearold filmmaker wrote would shame curiosity sense adventure started threesome sex couples added helped better cope depression anxiety lingering cognitive effects adolescent anorexia,world,-0.2023,negative
stop whining covid19 brazilian prez bolsonaro citizens,brazilian president jair bolsonaro asked brazilians stop whining coronavirus criticised measures combat virus spread long going keep crying itwe regret deathsbut brazil going end close everything added brazil reported secondhighest number coronavirus deaths us 262770,world,-0.4767,negative
covid19 origins report published midmarch chief,findings wholed mission wuhan china investigate origins coronavirus issued week march 15 directorgeneral tedros adhanom ghebreyesus said covid19 first emerged wuhan december 2019 wholed team began investigation january 2021 spent four weeks wuhan visiting sites linked early covid19 cases,world,0.0,negative
brazils 2ndbiggest city announces curfew curb covid19 spread,rio de janeiro brazils secondbiggest city impose night curfew restrict certain businesses curb spread coronavirus according information published citys official bulletin thursday past days several states cities including countrys capital braslia announced restrictions amid rising covid19 cases,world,0.0,negative
2 crore vaccine doses delivered covax scheme week,world health organization directorgeneral tedros adhanom ghebreyesus said covax delivered 2 crore doses vaccine 20 countries week covax deliver 144 crore doses 31 countries next week added last week ghana became first country receive vaccines covax scheme aims distribute vaccines free poor countries,world,0.0,negative
youtube removes 5 channels run myanmars military violations,youtube removed five channels run myanmars military violating community guidelines terms service removal follows military coup ousted myanmars elected government leading public protests youtube said monitoring situation content might violate rules,world,-0.5267,negative
aiadmk allots 20 tamil nadu assembly seats kanyakumari lok sabha seat bjp,tamil nadus ruling party india anna dravida munnetra kazhagam aiadmk allotted 20 assembly seats lok sabha bypoll seat kanyakumari bharatiya janata party bjp agreement signed aiadmk party coordinator panneerselvam joint coordinator edappadi palaniswami along tamil nadu bjp chief l murugan state election incharge ct ravi,politics,0.0,negative
assam cm contest polls majuli himanta biswa fight jalukbari,bjp friday released list 70 candidates upcoming threephase assam assembly elections chief minister sarbananda sonowal seek reelection majuli constituency states finance minister himanta biswa sarma aim retain jalukbari seat bjp fight polls alliance asom gana parishad united peoples party liberal,politics,-0.3818,negative
minister retracts statement saying e sreedharan bjps kerala cm face,union minister v muraleedharan retracted statement tweeting kerala bjp fight kerala polls e sreedharanji chief ministerial candidate muraleedharan stated wanted tell media reports learnt party made announcement later crosschecked party chief said not made announcement,politics,0.0,negative
aiadmk releases list 6 candidates tn polls cm fight edappadi,aiadmk released first list six candidates tamil nadu assembly elections scheduled april 6 tamil nadu cm edappadi k palaniswami contest upcoming polls edappadi constituency home district salem deputy cm panneerselvam fight election bodinayakanur constituency,politics,-0.3818,negative
bengal cm fight nandigram polls vacate bhawanipore seat,trinamool congress tmc friday released list 291 candidates west bengal assembly elections scheduled begin march 27 onwards cm mamata banerjee said fighting nandigram instead current constituency bhawanipore kolkata added party colleague sobhandeb chattopadhyay fighting bhawanipore seat,politics,-0.3818,negative
punjab passes resolution unconditional withdrawal farm laws,punjab government friday passed resolution state assemblys budget session demanding unconditional withdrawal three farms laws centre resolution moved cm captain amarinder singh called laws unacceptable farmers well punjab government farmers never done anything antinational not antinational singh said,politics,0.0258,positive
maharashtra guv accepts forest minister sanjay rathods resignation,maharashtra governor bhagat singh koshyari accepted resignation state forest minister sanjay rathod thursday four days resigned rathod linked tiktok star pooja chavans death tendered resignation cm uddhav thackeray february 28 wednesday bjp alleged resignation not forwarded governor,politics,0.0258,positive
farooq abdullah dances bollywood song punjab cms granddaughters wedding,former jammu kashmir chief minister farooq abdullah seen dancing bollywood song aaj kal tere mere pyaar ke charche punjab chief minister captain amarinder singhs granddaughter seherinder kaurs wedding reacting video went viral congress leader saral patel tweeted video captamarinder farooq abdullah proves age indeed number,politics,0.0,negative
police announce 25000 reward exmp dhananjay singh murder case,uttar pradesh police announced cash reward 25000 former bsp mp dhananjay singh accused conspiracy murder former block pramukh ajit singh mau district police raided four locations could not found dcp eastern sanjiv suman said ajit singh shot dead january year,politics,-0.25,negative
suspension 5 cong mlas himachal pradesh assembly revoked,suspension five congress mlas himachal pradesh assembly revoked unanimously friday speaker vipin singh parmar said leader opposition mukesh agnihotri mlas harshwardhan chauhan satpal singh raizada sunder singh thakur vinay kumar suspended assembly february 26 allegedly manhandling himachal pradesh governor bandaru dattatreya,politics,0.0,negative
anurag taapsee paying price speaking farmers shiv sena,editorial shiv senas mouthpiece saamana said filmmaker anurag kashyap actress taapsee pannu among handful people stood farmers agitation paying price editorial follows income tax raids conducted kashyaps taapsee pannus properties mumbai wednesday,politics,0.0,negative
reconsider covid19 vaccine charges private hospitals siddaramaiah,former karnataka cm siddaramaiah urged pm narendra modi reconsider decision allow private hospitals charge 250 administering covid19 vaccine adversely impact fight covid19 said office prime minister failed release accounts pmcares fund also failed provide vaccination zero cost siddaramaiah added,politics,-0.2732,negative
see battlefield suvendu adhikari mamata banerjee,bjp leader suvendu adhikari friday challenged cm mamata banerjee said see battlefield comes ruling dispensation released list candidates upcoming assembly polls banerjee reiterated contest nandigram constituency people nandigram raise voice want son medinipur not outsiders adhikari added,politics,-0.3818,negative
congress win priority campaign wherever party invites azad,senior congress leader ghulam nabi azad friday said victory congress party forthcoming state elections priority added campaigning wherever invited party individual earlier azad praised pm narendra modi stating not hide true self,politics,0.7579,positive
oppn created confusion efficacy covaxin taunted pm modi sambit patra,bjp national spokesperson sambit patra friday said opposition created confusion country efficacy indigenous covid19 vaccine covaxin taunted pm narendra modi ministers take saw pmsturncame went aiims stood line took shot indigenous vaccine patra added,politics,-0.0516,negative
centre pushing people morass inflation earn tax rahul,terming inflation curse congress leader rahul gandhi friday said central government pushing people morass inflation earn tax gandhi urged people raise voices rising prices congress general secretary priyanka gandhi vadra also said nda government sidelined issues faced common man,politics,0.0,negative
bjp achieve target winning 200 seats wb polls dilip ghosh,bjps west bengal chief dilip ghosh said party achieve target winning 200 seats upcoming assembly elections wherever cm mamata banerjee contests elections candidate give tough fight added hinting bjp field suvendu adhikari notably banerjee announced january contest nandigram seat,politics,0.5267,positive
talks likeminded parties alliance mnm chief kamal haasan,veteran actor makkal needhi maiam mnm founder kamal haasan wednesday said talks likeminded parties possible electoral alliance ahead assembly elections april 6 many parties holding discussions like aismk shook hands decide alliance first confab seatsharing added,politics,0.4019,positive
cpi contest 6 seats tamil nadu polls part dmk alliance,cpi contest six constituencies upcoming tamil nadu assembly elections part dmk alliance earlier vck also signed memorandum dmk assembly elections contest six constituencies voting tamil nadu take place april 6 counting votes take place may 2,politics,0.0,negative
karti writes cong requesting priyankas name kanyakumari bypolls,mp tamil nadus sivaganga karti chidambaram friday filed application congress election committee requesting priyanka gandhi vadra contest kanyakumari lok sabha bypolls definitely enthuse cadrewill good sign women karti added following congress mp vasanthakumars demise 2020 kanyakumari constituency fell vacant,politics,0.0,negative
capgemini cover covid19 vaccination costs india employees families,french firm capgemini thursday said cover cost covid19 vaccination employees india dependents part medical benefits program company currently employs 125 lakh people india earlier infosys accenture also announced cover vaccination costs employees india,technology,0.0,negative
john mcafee charged fraud us cryptocurrency schemes,cybersecurity entrepreneur john mcafee indicted fraud money laundering charges two cryptocurrency schemes us justice department said mcafee accomplices allegedly made 13 million promoting cryptocurrencies twitter artificially inflate prices october 2020 mcafee arrested spain tax evasion currently facing extradition us,technology,-0.6808,negative
robot dog spotted explosion site spacexs starship rocket prototype,spacex boston dynamics robot dog named zeus spotted space agencys test site companys starship rocket prototype exploded minutes landing test flight video yellow coloured fourlegged robot also surfaced zeus inspecting wreckage prototype according reports,technology,0.0,negative
valhalla musk shares slow motion video exploding starship rocket,spacex ceo elon musk friday shared video showing landing subsequent explosion companys starship rocket prototype slow motion sn10 valhalla tweeted video valhalla hall norse mythology odin ruler god asgard sends die combat,technology,0.296,positive
premjis wipro makes biggest purchase buys capco 145 bn,billionaire azim premjis company wipro agreed acquire londonbased consultancy firm capco 145 billion biggest purchase capco employs 5000 consultants help company add banking insurance financial services clients wipro said transaction expected close quarter ending june 30,technology,0.0,negative
tata motors go solo no tieup tesla evs n chandrasekaran,tata motors chairman n chandrasekaran clarified no dialogue elon muskled tesla partnership india added speaking companys plans electric vehicle ev segment january tweet tata motors electric mobility sparked rumours tieup tesla electric vehicles,technology,-0.296,negative
not teeth sc centre new ott rules,supreme court expressed dissatisfaction rules framed centre information technology act regulate top ott platforms rules not teeth no provision prosecution fine guidelines court said solicitor general tushar mehta agreed present draft legislation court two weeks,technology,0.0,negative
railtel launches prepaid wifi 4000 stations first 30 mins free,railway psu railtel launched plans prepaid wifi 4000 railway stations passenger use 30 minutes free wifi per day 1 mbps speed higher speeds plans begin 10 5 gb day 15 10 gb day 20 10 gb valid five days,technology,0.5106,positive
lift ban trump risk violence decreases youtube ceo,youtube ceo susan wojcicki said platform lift ban former us president donald trump risk violence decreased said youtube look government warnings violent rhetoric determine safe lift suspension youtube suspended trumps channel post us capitol violence january 6,technology,-0.8689,negative
jack dorsey auctions 1st ever tweet 15 yrs ago unique digital certificate,twitter ceo jack dorsey auctioning social media platforms first ever tweet nonfungible token tweet read setting twttr sent dorsey march 2006 highest bid received far 267000 195 crore buyer get unique digital certificate tweet signed dorsey,technology,0.0,negative
closely tracking microsofts exchange server emergency patch us govt,president joe bidens national security adviser jake sullivan said government closely tracking microsofts emergency patch previously unknown vulnerabilities exchange server software reports potential compromises us think tanks defence industrial base entities earlier microsoft alleged software hacked chinabacked threat actor named hafnium,technology,-0.3818,negative
googles ai lab deepmind considered launching food division report,google ai lab deepmind talks food startup hampton creek launch aipowered food supplements division reported business insider proposals nutricube square vitamin supplement customers could add meals improve nutritional content also reportedly discussed plan abandoned internal disputes value project among reasons,technology,0.0,negative
twitter working button undo sent tweets report,app researcher jane manchun wong reported seeing twitter working undo button sent tweets interface shows twitters familiar tweet sent dialogue new undo button however feature likely provide seconds window users undo sent tweets,technology,0.0,negative
sony patents tech turns objects playstation controllers,sony filed patent application details method turning nonluminous passive object held user playstation controller gamesindustry reported example bananas oranges sony explains camera could detect objects could used controllers detect users finger coincide location virtual button,technology,0.0,negative
tiktok signs 15year lease new london office building,bytedanceowned tiktok agreed lease new london office building signed 15year lease 88500 square foot kaleidoscope building farringdon earlier tiktok reportedly ended talks global headquarters britain uks decision limit use huawei products 5g infrastructure,technology,0.0,negative
amazon open store no cashiers london first outside us,amazon thursday said opening cashierless convenience store uk marking first use automated checkout technology outside us proposed 2500square foot amazon fresh store london use cameras sensors track shoppers pull items shelves charge credit card file exit,technology,-0.128,negative
mark cubans basketball team accept dogecoin payment,billionaire mark cuban told dealbook basketball team dallas mavericks decided accept memeinspired cryptocurrency dogecoin payment cuban added sometimes business things fun cuban recently tweeted bought dogecoin teach son investing nba team accepting payments bitcoin since 2019,technology,0.3818,positive
apple could face eu chargesheet spotify complaint report,apple could face antitrust chargesheet european union eu coming weeks 2019 complaint lodged spotify reuters reported charge could force apple change business model music streaming service earlier alleged apple unfairly restricts rivals apple music also protested apples 30 fee inapp purchases,technology,-0.296,negative
reddit appoints snapchatparent excfo first cfo,reddit appointed drew vollero former cfo snapchatparent snap first chief financial officer vollero lead reddits finance team starting later month report jen wong platforms chief operating officer earlier new york times reported citing reddit ceo steve huffman firm considering ipo,technology,0.0,negative
myanmar soldiers use tiktok send death threats protesters report,uniformed soldiers myanmar using video sharing app tiktok deliver death threats protesters coup digital rights group myanmar ict development organization said groups executive director said hundreds videos remain platform without action tiktok company said continue remove violent content,technology,-0.8225,negative
robot dog spotted explosion site spacexs starship rocket prototype,spacex boston dynamics robot dog named zeus spotted space agencys test site companys starship rocket prototype exploded minutes landing test flight video yellow coloured fourlegged robot also surfaced zeus inspecting wreckage prototype according reports,startup,0.0,negative
elon musk plans rename spacexs texas launch site starbase,spacex ceo elon musk planning rename texas launch site starbase companys starship rocket creating city starbase texas musk tweeted spacex representative made casual inquiry local authorities requirements incorporate launch site boca chica village rename starbase,startup,0.0,negative
rip sn10 musk starship prototype rocket explodes landing,spacex ceo elon musk thursday tweeted rip sn10 honorable discharge companys starship rocket prototype exploded minutes landing test flight rocket soared sky highaltitude test texas flew back manoeuvred first successful upright landing however blew eight minutes landing,startup,0.0,negative
spacex engineers left without food island early days book,elon muskled spacexs rocket engineers lived pacific island companys early days occasionally ran food new book liftoff reporter eric berger claimed revolt also staged hungry workers 2005 island called omelek team building launchpad setting falcon 1 rocket,startup,0.0,negative
valhalla musk shares slow motion video exploding starship rocket,spacex ceo elon musk friday shared video showing landing subsequent explosion companys starship rocket prototype slow motion sn10 valhalla tweeted video valhalla hall norse mythology odin ruler god asgard sends die combat,startup,0.296,positive
played narad block reliancefuture deal distributors bezos,india consumer products distributors federation aicpdf wrote amazon ceo jeff bezos not block 24000crore reliancefuture group deal compared narad muni decided play narad blocked deal distributors said bezos claim 6000 members dues 6000 crore future group pending since march last year,startup,-0.128,negative
prototype spacexs biggest rocket starship explodes landing test flight,prototype spacexs biggest rocket starship exploded shortly landing first time following highaltitude flight test explosion whether intentional not immediately clear elon musk first celebrated landing saying starship sn10 landed one piece tweeted rip sn10 honorable discharge,startup,0.0,negative
jack dorseys square acquires majority stake jayzs tidal 297 mn,twitter ceo jack dorseys financial payments company square acquiring majority stake music streaming company tidal owned artists like jayz beyonc rihanna I grateful jays vision wisdom leadership knew tidal something special soon experienced dorsey wrote part 297 million deal jayz join squares board,startup,0.0,negative
air taxi startup volocopter raises 241 mn says operations begin 2 yrs,german air taxi startup volocopter raised 241 million series funding ceo florian reuter said services two vehicle models volodrone volocity begin two years paris singapore pole position first cities paris wants electric air taxis established 2024 olympics said,startup,0.0,negative
spacex launches 60 starlink satellites marking 20th successful mission,elon muskled space agency spacex thursday launched another 60 starlink satellites earths low orbit marking 20th successful starlink mission satellites launched atop spacexs reusable falcon 9 rocket spacex targetting launch satellite internet india 2022 begun accepting preorders deposit 99 7300,startup,0.5859,positive
mark cubans basketball team accept dogecoin payment,billionaire mark cuban told dealbook basketball team dallas mavericks decided accept memeinspired cryptocurrency dogecoin payment cuban added sometimes business things fun cuban recently tweeted bought dogecoin teach son investing nba team accepting payments bitcoin since 2019,startup,0.3818,positive
tiktok signs 15year lease new london office building,bytedanceowned tiktok agreed lease new london office building signed 15year lease 88500 square foot kaleidoscope building farringdon earlier tiktok reportedly ended talks global headquarters britain uks decision limit use huawei products 5g infrastructure,startup,0.0,negative
peter thielbacked psychedelic biotech firm worth 2 bn 157 mn funding,atai life sciences psychedelic biotech company backed billionaire investor peter thiel wednesday announced raised 157 million funding round reuters bloomberg reported funding came 2 billion valuation company works development psychedelics drugs treat mental illnesses including depression anxiety,startup,0.2263,positive
tiktokparent developing clubhouselike app china report,tiktokowner bytedance working clubhouselike app china plans still early stage reuters reported least dozen clubhouselike apps reportedly launched past month china earlier china blocked access clubhouse app briefly allowed users discuss topics often censored country,startup,0.0,negative
googles ai lab deepmind considered launching food division report,google ai lab deepmind talks food startup hampton creek launch aipowered food supplements division reported business insider proposals nutricube square vitamin supplement customers could add meals improve nutritional content also reportedly discussed plan abandoned internal disputes value project among reasons,startup,0.0,negative
walmarts flipkart considers listing us via spac merger report,walmartowned flipkart considering going public listing us merger special purpose acquisition company spac reported bloomberg flipkart could reportedly seek valuation 35 billion blankcheque transaction grofers also reportedly exploring spac merger gurugrambased renew power last week agreed spac merger listing us,startup,0.0,negative
delhibased electric vehicle startup euler motors raises 30 crore,new delhibased electric vehicle startup euler motors raised 30 crore part ongoing series fundraise taking total fundraise till date 65 crore bigbasket promoter k ganesh udaan cofounder sujeet kumar took part funding round founded 2018 saurav kumar euler also looking launch new electric threewheelers year,startup,0.0,negative
logistics unicorn delhivery acquires californiabased primaseller,gurugram headquartered logistics unicorn delhivery acquired californiabased primaseller saas startup focused omnichannel retailers undisclosed sum delhivery became unicorn 2019 raised 413 million valuation 15 billion february 2018 delhivery also announced acquisition indian business dubaibased logistics firm aramex,startup,0.0,negative
ipobound policybazaar receives investment bay capital,insurance aggregator policybazaars holding company pb fintech received investment ukbased bay capital ahead initial public offering ipo policybazaar aims launch ipo next 12 15 months policybazaar became unicorn 2018 raised series f funding led japans softbank,startup,0.0,negative
softbank strategy chief katsunori sago resign march 31,softbank groups chief strategy officer katsunori sago resigning march 31 sago joined softbank 2018 japan post formerly vice chairman goldman sachs japan one highestpaid executives softbank earned 101 million financial year ended march 2020,startup,-0.34,negative
discovery premieres documentary vande bharat flight plane crash,august 7th 2020 covid19 pandemic peak rescue flight ix 1344 dubai kozhikode met accident upon arrival calicut international airport 45minute investigative documentary streaming discovery decodes events around flight impacted 190 lives crash landing one challenging runways country,entertainment,-0.4019,negative
nicolas cage marries 5th time pics wedding girlfriend surface,actor nicolas cage tied knot fifth time 57yearold actor married 26yearold girlfriend riko shibata ceremony las vegas exwife son also joined celebrations couple met japan year ago cages fourth marriage erika koike ended four days 2019,entertainment,0.0,negative
adele simon konecki finalise divorce 2 years split reports,grammywinning singer adele estranged husband simon konecki reportedly finalised divorce nearly two years announced decision split per us weekly judge signed divorce settlement thursday adele simon also share eightyearold son angelo reportedly agreed joint custody,entertainment,0.0,negative
deepika shraddha saras statements part ncb chargesheet case related sushant,statements bollywood actresses deepika padukone shraddha kapoor sara ali khan part 12000page chargesheet filed narcotics control bureau ncb drug case related sushant singh rajputs death official said chargesheet named 33 accused including rhea chakraborty also includes statements 200 witnesses,entertainment,0.0,negative
name raided 2013 fm question raids anurag taapsee,asked department raids anurag kashyap taapsee pannu finance minister nirmala sitharaman said I not commenting b individualsince names taken name raided 2013 added not issue 2013 issue interacting journalists indian womens press corps,entertainment,0.0,negative
try sort problems nawazuddin impressed caring side wife,actor nawazuddin siddiquis wife aaliya filed divorce said try sort problems last 10 days battling covid19 virusdespite extremely busy nawaz taking good care childreni impressed side nawaz said,entertainment,0.5574,positive
girlfriend scared tell even female friends shonali bisexuality,director shonali bose revealed discovered bisexuality happened meet girl came india education programme six months realised loveweacknowledged scared tell even woman friends added I genuinely ease men women stated shonali,entertainment,0.0516,positive
taapsee denies allegations raids says not sasti anymore,actress taapsee pannu took twitter react income tax department raids properties taapsee said no bungalow name paris receipts 5 crore payment added no raid 2013 property either ps not sasti anymore wrote,entertainment,-0.4215,negative
saif spotted covid19 vaccination centre reportedly gets 1st vaccine dose,actor saif ali khan spotted covid19 vaccination centre mumbai friday per several reports received first dose vaccine walked centre actor said hi photographers saif recently welcomed baby boy wife kareena kapoor,entertainment,0.0,negative
pains us mahhi vij claims husband abandoned foster kids,tv actress mahhi vij reacted criticism husband jay bhanushali treatment foster children khushi rajveer mahhi said pains people question love claim abandoned kids keep coming two homes lifetime one hometown one us wrote,entertainment,-0.7003,negative
music video iranian app features us porn actress probe ordered,music video iranian entertainment app rubika included appearance us porn actress alexis texas prompted outrage among authorities launched investigation iranian media reported app published teaser tehran tokyo music video usbased iranian pop singer sasy whose videos not authorised iran,entertainment,0.0,negative
look mirror I disgusted ileana body dysmorphia,actress ileana dcruz talking struggling body dysmorphia said no matter size areyou always find fault added days look mirror I honestly disgusted difference isi make point look myselfand find one feature like said,entertainment,-0.5267,negative
get married salman khan singer mika singh,singer mika singh episode reality show indian pro music league spoke marriage plans jokingly said get married salman khan gets married added sajid khan bhai mentioned earlier I forever bachelor inindustry salman bhai I would like keep tagfor long possible,entertainment,0.0,negative
rahul mahajan zero remove surname rakhi sawant,recent interview actress rakhi sawant said not respect rahul mahajan added respects family speaking rahul participated bigg boss 14 challenger rakhi said rahul mahajans personality remove surname mahajan zero respect father mother sister,entertainment,0.0,negative
always lot fun set kriti working akshay,kriti sanon recently wrapped schedule bachchan pandey shared experience working akshay kumar film said shooting actor always lot fun set days passed not realise wasso much fun added kriti also worked akshay housefull 4,entertainment,0.5106,positive
I utmost respect john called son fell sick emraan,emraan hashmi speaking mumbai saga costar john abraham said I haveutmost respect john son fell sick igot two calls fromindustry emraan said adding although not close time remember sitting outside icu john calledand said emraan need anything I always really moved,entertainment,-0.0516,negative
love look saina nehwal praises parineetis look saina,indian shuttler saina nehwal friday praised parineeti chopras look upcoming biopic titled saina took social media share screenshot teaser wrote woww superblove look mini saina film directed amole gupte feature paresh rawal sainas father manav kaul coach,entertainment,0.8225,positive
working amitabh bachchan learning curve anand pandit,filmmaker anand pandit whose upcoming movie chehre star amitabh bachchan spoke working veteran actor said impossible around amitabh bachchan not absorb something value added working alearning curve learnt look filmmaking perspective passion perfection detail,entertainment,0.0,negative
not affecting shehnaaz gill getting acid attack threats,former bigg boss contestant shehnaaz gill said acid attack threats received morphed videos circulated online got sympathy want congratulate things not affecting butit getting sympathy people loving shehnaaz said interview bollywood hungama,entertainment,-0.7096,negative
traumatising janhvi watching mother sridevis chaalbaaz,speaking not use mother sridevis film chaalbaaz reference point upcoming film roohi actress janhvi kapoor said watching 1989 film traumatic experience wouldalways hard time watching chaalbaaz mean film kid wastraumatised,entertainment,-0.4404,negative
cred member wins mercedesbenz glc coup paying credit card bill,cred memberexclusive credit card bill payment app featured winner mercedesbenz glc coup new video sangeeta khanna celebrity makeup artist mumbai originally announced raffles lucky winner november 9 2020 company revealed claimed tickets raffle paying credit card bills time,miscellaneous,0.743,positive
discovery premieres documentary vande bharat flight plane crash,august 7th 2020 covid19 pandemic peak rescue flight ix 1344 dubai kozhikode met accident upon arrival calicut international airport 45minute investigative documentary streaming discovery decodes events around flight impacted 190 lives crash landing one challenging runways country,miscellaneous,-0.4019,negative
beardo brings offers not refuse beardo,featuring hrithik roshan never seen avatar beardo said public demand opening doors mega beardo mafia sale promising stay true larger life style not beardo offering exciting discounts also giving away one mahindra thar lucky winner,miscellaneous,0.2235,positive
badshah issues asli challenge ali fazal new adda52 ad film,new adda52 ad film actor ali fazal seen trying hand rapping challenging rapper badshah act soon realise asli challenge playing online poker adda52com game changer help ace game life via presence mind astute strategy online poker site adda52 said,miscellaneous,0.0772,positive
ranbir neverseenbefore avatar ultima protek tvc asian paints,asian paints new tvc exterior paint lamination guard technology ultima protek features ranbir kapoor double role playing matchmaker role asian paints mentions campaign focuses house laminated ultima protek stays protected baarish dhoop dhool ultima protek exterior paint comes 10year warranty,miscellaneous,0.0,negative
get 1 crore life cover 15day canara hsbc obc life insurance,canara hsbc obc life insurance play life ka powerplay planning financial future company said choose iselect star term plan get life cover till turn 99 pay 10 years save 35 payable premiums income tax 46800 options available 100 return premium company added,miscellaneous,0.0,negative
make fitness convenient affordable flexible onepass fitternity,fitternitys onepass become member 5000 gyms studios one membership onepass gives access gyms including 5 star hotels classes like zumba cross functional training yoga pilates covid19 times buy onepass stress free 100 membership freezing policy,miscellaneous,0.4588,positive
boat celebrates female individuality launches new audio lifestyle range,boat believes time go beyond womencanrun theshow conversations enable women explore celebrate individuality live unrestrained drawing strength brand values celebrating indian women come new collection audio products shift women told writing rules said,miscellaneous,0.5719,positive
celebrate finest moments life elysian ogc says oberoi realty,oberoi realtys latest project elysian boasts lavish 34 bhk oberoi garden city goregaon e elysians spacious interiors best class amenities innovative wfh spaces ogc ecosystem stands moments happiness defines purpose endeavours life worth live elysian real estate company added,miscellaneous,0.5719,positive
9yrold andhra becomes asias youngest girl climb mt kilimanjaro,nineyearold girl andhra pradesh ritwika sree become asias youngest girl worlds second youngest climb africas highest peak mount kilimanjaro tanzania said ananthapuramu district collector gandham chandrudu achieved feat along father friday chandrudu helped releasing 298 lakh sc corporation tweeted keep inspiring,miscellaneous,0.0,negative
german prison changes 600 locks intern shares keys pic friends,jva heidering prison germany forced change 600 locks intern shared picture keys friends whatsapp trainee not named wanted show great new job according reports experts estimated would cost prison 50000 around 43 lakh replace locks,miscellaneous,0.25,positive
canada man bhangra frozen lake getting covid19 vaccine video viral,video dance instructor named gurdeep pandher bhangra frozen lake canada celebrate getting covid19 vaccine gone viral social media went frozen lake dance bhangra joy hope positivity I forwarding across canada beyond everyone health wellbeing tweeted,miscellaneous,0.0,negative
puppy born us believed first survive 6 legs pic shared,puppy born us six legs veterinarians hospital oklahoma saying believed firstever puppy born alive six legs despite signs spina bifida organs appear great shape doctors added puppy also two tails two reproductive systems,miscellaneous,0.34,positive
uk man gets bottle urine food order company apologises,uk man received bottle filled urine along meal kit ordered hellofresh received someone bottled piss part order man tweeted tweet went viral hellofresh apologised said truly lack words describe sorry,miscellaneous,0.2023,positive
chacha trends social media fight chaat sellers,chacha trending social media video fight chaat sellers customers uttar pradesh widely shared online chaat seller named harinder seen fighting long hennadyed hair referred chacha harinders picture arrest interview explaining incident also went viral online,miscellaneous,-0.3818,negative
4000kg unidentified sea creature no face found beach wales pics surface,unidentified sea creature weighs 4000 kg stretches 23 feet length no face washed beach wales creature found broad south beach pembrokeshire last week reported uk cetacean strandings investigation programme csip officials said creature dead,miscellaneous,-0.296,negative
van gogh painting paris street goes display 1st time,rare painting vincent van gogh paris street publicly displayed first time auction sothebys auction house said work painted 1887 remained family collection 100 years public eye sothebys estimated paintings value 44 crore 71 crore,miscellaneous,0.0,negative
bowl bought 2500 us turns worth 36cr,porcelain bowl purchased yard sale 35 2500 us turned rare 15thcentury chinese artefact worth 300000 21 crore 500000 36 crore bowl 6 inches diameter piece one seven bowls known exist auction new york,miscellaneous,0.2263,positive
uk doctors remove 48cm hairball stomach 17yrold ate hair,doctors uk removed 48cm hairball stomach 17yearold girl ate hair case report stated diagnosed rapunzel syndrome rare intestinal condition humans resulting ingestion hair hairball spotted scans hospitalised fainting twice,miscellaneous,0.0,negative
19yrold fakes kidnapping get work us gets arrested fired,brandon soules 19 us faked kidnapping get work said coolidge police department facebook according police found soules factory worker hands tied belt bandana stuffed mouth however police found no evidence kidnapping arrested false reporting soules later fired company,miscellaneous,-0.8591,negative
kerala tourism shares bernie sanders munnar meme twitter users react,kerala tourism shared version viral bernie sanders meme tweet inviting people popular hill station munnar wear warm woollen mittens enjoy cool crisp munnar weather read tweet columnist author shobhaa de reacted meme saying smart swift superb another twitter user said yay bring home,hatke,0.296,positive
uk man legally changes name celine dion drunk,30yearold uk man named thomas dodd legally changed name celine dion famous canadian singer drunk came idea drinking watching tv concert 52yearold singer honestly hand heart not remember man received legal documents via post said,hatke,-0.25,negative
couple get wedding food menu printed like aadhaar card pics go viral,couple west bengal tied knot february 1 got wedding food menu printed like aadhaar card pictures gone viral social media couple gogol saha subarna das residents rajarhat area kolkata saha said wifes thought support digital india initiative,hatke,0.3612,positive
londons thinnest victorianera house sale 94 crore,londons thinnest house 5 feet 6 inches narrowest point currently sale 13 million around 94 crore property originally victorian hat shop storage merchandise living quarters upper floors built sometime late 19th early 20th century,hatke,0.0,negative
call 112 late night pawri ho rahi hai getting disturbed police,uttar pradesh police used viral trend pawri ho rahi hai encourage citizens call 112 report noisy late night parties pawri ho rahi hai phrase went viral pakistani influencer said video yeh humari car hai yeh hum hain aur yeh humari pawri ho rahi hai influencer said video,hatke,-0.3818,negative
men drinking beer inflatable mattress drift sea australia rescued,two men rescued friend inflatable mattress drifted indian ocean coast western australia jackson perry noah palmer drinking beer mattress outside palmers oceanside house winds dragged four kilometres away shore stranded three hours,hatke,0.4215,positive
govt employee maharashtra seeks permission let ride horse work,satish deshmukh assistant auditor maharashtras nanded district collectors office wrote boss seeking permission let ride horse work saying cannot use twowheeler owing spine problem asked permission tying horse office premises however application rejected medical opinion said spine problem could aggravate,hatke,0.0,negative
ship appears hover air due optical illusion scotland pic goes viral,image ship appears hovering air gone viral online reallife optical illusion captured banff scotland colin mccallum shared image facebook illusion created due lowlying clouds covered ships lower part mccallum said adding genuinely thought floating,hatke,0.0,negative
chhattisgarh man marries 2 women day wives say happy,chhattisgarh man married two women day wives said happy chandu maurya marginal farmer labourer livein relationship house agreement decided get married villagers objected livein relationship got married mandap,hatke,0.5719,positive
couple prints qr codes payment apps wedding card guests send gifts,couple tamil nadus madurai printed qr codes payment apps wedding card guests could transfer money form gift couples bank account move aimed increasing cashless transactions reducing risk covid19 infection 30 guests used facility transferred money wedding present,hatke,0.0,negative
cyclist climbs 33 floors stairs 30 min without feet touching ground,aurelien fontenoy mountain biker cycled hopped 33 floors trinity tower newly opened skyscraper commune western suburbs paris took 30 minutes ascend 768 steps reach top building aureliens feet not touch ground point time,hatke,0.0,negative
people confuse via getty picture credit us protesters name,people believed man joined protests us capitol named via getty picture posted twitter via getty written caption pictures credit confusion began placement comma caption user wrote via getty name let us get guy,hatke,-0.0516,negative
priyanka shares memes bernie sanders inauguration outfit goes viral,actress priyanka chopra shared memes us senator bernie sanders instagram outfit joe bidens inauguration went viral one memes sanders seen boat priyanka nick jonas another meme shows mother madhu chopra carrying sanders arms sanders seen wearing winter jacket oversized mittens,hatke,0.296,positive
4 men eat 30 kg oranges 30 mins avoid extra baggage fee get ulcers,four chinese men decided eat 30 kilograms oranges avoid paying extra baggage fee airport ended suffering mouth ulcers stood ate whole thing took 2030 minutes one men said never want oranges added,hatke,-0.296,negative
couples get married riding elephants thailand valentines day,fiftynine couples thailand got married riding elephants sunday annual valentines day mass wedding ceremony dancers band led procession elephants couples local official also elephant oversaw signing marriage licence elephantback wedding annual event nong nooch tropical garden,hatke,0.0,negative
41kg unidentified metal ball found beach bahamas pics go viral,unidentified titanium ball weighing 41 kg covered russian text found beach bahamas reflective metal ball spotted poking sand british woman harbour island family february 24 origin metal ball still unknown,hatke,0.0,negative
woman thailand finds whale vomit worth 19 crore walking along beach,woman thailand found whale vomit ambergris worth around 19 crore walking along beach noticed substance smelled like fish dragged mass away beach ambergris weighs around seven kilograms 12 inches wide 24 inches long I asked local council visit check said,hatke,0.2263,positive
man shares photo egg noodles frozen air 45c siberia pic viral,man siberia named oleg took twitter share photo egg noodles frozen air photo taken oleg hometown novosibirsk siberia monday today 45c 49f hometown novosibirsk siberia wrote caption even gravity shivering user commented post,hatke,0.296,positive
strangers name different cities around world form band,four people interested music different cities around world named paul ofsullivan formed band two us third uks manchester fourth paul resides rotterdam netherlands found one randomly began adding people shared name facebook,hatke,0.0,negative
19yearold canadian claims father 27 wives 150 children,19yearold canadian teenager claimed 64yearold father winston blackmore 27 wives 150 children merlin blackmore said born polygamist cult names 12 brothers sisters age group start letter said 16 fathers wives remain married winston,hatke,0.0,negative
rip sn10 musk starship prototype rocket explodes landing,spacex ceo elon musk thursday tweeted rip sn10 honorable discharge companys starship rocket prototype exploded minutes landing test flight rocket soared sky highaltitude test texas flew back manoeuvred first successful upright landing however blew eight minutes landing,science,0.0,negative
nasas mars rover uses processor apples 23yearold imac,nasas latest mars rover perseverance running processor used apples imac 1998 newscientist reported powerpc 750 processor perseverance also powers nasas another mars rover curiosity made durable withstand extreme conditions mars hardened radiation withstand temperatures 55c 125c,science,0.0,negative
mars rovers exciting work happen coming weeks nasa engineer vishnu,nasas 27yearold indianamerican engineer vishnu sridhar said exciting work mars rover perseverance happen coming weeks sridhar lead systems engineer nasas jet propulsion laboratory said taking images mars shooting lasers supercam instrument added soon going deploy helicopter,science,0.4939,positive
robot dog spotted explosion site spacexs starship rocket prototype,spacex boston dynamics robot dog named zeus spotted space agencys test site companys starship rocket prototype exploded minutes landing test flight video yellow coloured fourlegged robot also surfaced zeus inspecting wreckage prototype according reports,science,0.0,negative
valhalla musk shares slow motion video exploding starship rocket,spacex ceo elon musk friday shared video showing landing subsequent explosion companys starship rocket prototype slow motion sn10 valhalla tweeted video valhalla hall norse mythology odin ruler god asgard sends die combat,science,0.296,positive
path nasa started watching star trek child swati mohan biden,swati mohan leads guidance navigation control operations nasas mars 2020 mission told us president joe biden path nasa began watched star treks first episode child captured attention really closeknit team working togetherwith sole purpose exploring space understanding new things said,science,0.0,negative
bird not seen 170 years spotted forest indonesia,blackbrowed babbler thought extinct not spotted 170 years found indonesian forest ornithologists first described muted black grey chestnutbrown bird around 1850 collection one known specimen species recently spotted members bornean birdwatching group,science,0.0,negative
nasas perseverance rover takes first test drive mars shares pic,nasas perseverance rover took first test drive mars covering 16 feet official twitter account rover shared picture writing I move took first test drive marsyou looking beginning wheel tracks many make rover landed mars last month,science,0.296,positive
fossils ninjatitan zapatai dinosaur lived 14 crore years ago found,researchers national council scientific technical research argentina discovered fossils represent dinosaur species named ninjatitan zapatai lived 14 crore years ago dinosaurs incomplete skeletal remains discovered south city neuquen argentina ninjatitan zapatai longnecked planteating dinosaurs walked four pillarlike legs,science,0.0,negative
fireball lights skies uk captured doorbell cameras,large fireball seen lighting skies uk sunday night meteor captured doorbell security cameras manchester cardiff honiton bath midsomer norton milton keynes honestly could not believe eyes incredible thing I ever seen local witnessed fireball tweeted,science,0.0,negative
5 studentbuilt satellites sent space isros pslvc51,five studentbuilt satellites among sent space isros pslvc51 sunday sdsat built chennais space kidz india study radiation levels combination three satellites unitysat built students three engineering colleges provide radio relay service sindhunetra built pes university students spot suspicious ships using satellite imaging,science,0.0,negative
iceberg larger new york city breaks antarctica video goes viral,iceberg measuring 492 feet thick 1270 square km broke brunt ice shelf friday section measuring larger new york city cleaved near british antarctic surveys halley research station closed season earlier month last major chunk come area early 1970s,science,0.0,negative
prototype spacexs biggest rocket starship explodes landing test flight,prototype spacexs biggest rocket starship exploded shortly landing first time following highaltitude flight test explosion whether intentional not immediately clear elon musk first celebrated landing saying starship sn10 landed one piece tweeted rip sn10 honorable discharge,science,0.0,negative
billionaire looking 8 people free moon trip shares link apply,japanese billionaire yusaku maezawa looking eight members public join trip around moon elon musks spacex flight said pay entire journey come onboard fly free maezawa also shared link application details twitter mission scheduled fly 2023,science,0.6705,positive
satellite carrying bhagavad gita pm modis photo among 19 launched isro,indian space research organisation isro sunday successfully launched brazils amazonia1 satellite along 18 copassenger satellites pslvc51 satish dhawan space centre sriharikota isros first mission year one satellites engraved picture prime minister narendra modi top panel well copy bhagavad gita,science,0.128,positive
spacex nasa launch 2nd commercial crew rotation mission iss,elon muskled spacex nasa going launch second commercial crew rotation mission international space station iss mission carry two nasa astronauts one jaxa astronaut one esa astronaut aboard spacexs crew dragon spacecraft mission scheduled lift april 20 nasas kennedy space center florida,science,0.0,negative
jeff bezos blue origin delays launch new glenn rocket 2022,worlds richest person jeff bezosled space agency blue origin delayed launch maiden new glenn rocket fourth quarter 2022 delay comes us space forces decision not choose blue origin national security launch contract bezos recently announced retiring amazon focusing projects like blue origin,science,0.0,negative
rocket lab build reusable rocket neutron human spaceflight,rocket lab unveiled plans neutron reusable rocket advanced eightton payload class launch vehicle tailored interplanetary missions human spaceflight neutron build rocket labs proven experience developing reliable workhorse electron launch vehicle neutron lift capacity 8000 kilograms lowearth orbit 2000 kilograms moon,science,0.0,negative
countries nowhere close limiting global warming 2030 un,global efforts reduce co2 emissions nowhere close level action needed limit global warming 2015 paris agreement un report found agreement target co2 reduction 45 2010 levels 2030 report found 05 fall un secretarygeneral antonio guterres called report red alert planet,science,0.1531,positive
telangana cm congratulates isro launch pslvc51,telangana cm k chandrashekar rao congratulated indian space research organisation isro successful launch brazils amazonia1 satellite isros pslvc51 rao said isro proved one worlds leading space research organisations congratulated scientists engineers technical staff employees isro success,science,0.0,negative
bmw offers depreciation benefits deals cars bmw joy days,bmw india launched new ease ownership program bmw joy days valid till 31st march 2021 bmw offering attractive deals bmw cars accessories lifestyle range best time buy bmw looking neverbefore offers combined depreciation benefits additional benefits upto 5 lakhs select vehicles company said,automobile,0.7506,positive
car without buying revv subscriptions,drive new car every month revv provides option subscribe favourite car 136 months 0 payment 0 road tax free service maintenance car sanitized delivered doorstep ensuring complete safety loved ones,automobile,0.0,negative
elon musk true entrepreneur tesla market cap not last jhunjhunwala,billionaire investor rakesh jhunjhunwala hailed tesla ceo elon musk true pioneer entrepreneur however said teslas market cap not last musk not given market cap tesla public created market cap not going last told et teslas valuation not linked musks capabilities added,automobile,0.4215,positive
tata motors go solo no tieup tesla evs n chandrasekaran,tata motors chairman n chandrasekaran clarified no dialogue elon muskled tesla partnership india added speaking companys plans electric vehicle ev segment january tweet tata motors electric mobility sparked rumours tieup tesla electric vehicles,automobile,-0.296,negative
old video elon musk explaining tesla cars expensive goes viral,video tesla ceo elon musk 2008 gone viral explains companys cars expensive explained whenever somebody buys tesla roadster even though 100000 car every penny tesla makes goes development smaller lowercost vehicle also joked salary minimum wageI volunteer basically,automobile,0.0,negative
chip shortage may cut earnings ford general motors third moodys,global chip shortage hampering vehicle production may cut earnings general motors ford motor onethird 2021 according moodys investors service shortage could lower expected earnings interest taxes 2 billion gm 25 billion ford moodys said fords ebitda margin could dip 18 added,automobile,-0.4767,negative
tesla rival lucid motors go public merger values company 24 bn,electric vehicle maker teslas rival lucid motors agreed go public merging specialpurpose acquisition company churchill capital iv largest deal date deal generate 44 billion cash value lucid 24 billion company plans deliver first luxury sedan second half year,automobile,0.4019,positive
volkswagen ceo tweets 100 bn mcap milestone traders compare musk,volkswagen ceo herbert diess wednesday took twitter share german carmakers market value crossed 100 billionmark 120 billion first time since 2015 traders reacted comparing diess tesla ceo elon musk frequently uses twitter talk companies products cryptocurrencies vws market capitalisation onesixth teslas valuation,automobile,0.0,negative
india ready offer tesla cheaper production costs china gadkari,union transport minister nitin gadkari told reuters india ready offer incentives ensure teslas cost production would less china rather assembling cars india make entire product india hiring local vendors gadkari said give higher concessions added,automobile,0.3612,positive
govt makes airbags front seats mandatory new cars april 1,ministry road transport highways announced new rule require new cars dual front airbags frontseat passengers standard fitment april 1 2021 meanwhile existing vehicles required sold dual airbags august 31 2021 mandated important safety feature stated,automobile,0.0772,positive
must continue trade china bajaj autos md rajiv bajaj,bajaj autos managing director rajiv bajaj favoured trade china said believe must continue trade china added conduct business exclusion large country large market find incomplete time also said poorer loss experience,automobile,0.0,negative
evs designed using foxconns platform launch later year,two light vehicles designed using foxconns ev platform unveiled later year chairman young liu foxconns flagship unit hon hai precision industry said foxconn may also help launch electric bus around time added joint venture chinas zhejiang geely holding group talks startup faraday future cooperation evs,automobile,0.0,negative
piaggio ktm honda yamaha set swappable batteries consortium,italian scooter maker piaggio monday said set consortium swappable batteries motorcycles light electric vehicles fellow automakers ktm honda motor yamaha motor piaggio said consortium could contribute sustainable lifecycle management batteries used transport sector consortium start operating may,automobile,0.0,negative
huawei plans manufacture electric vehicles report,chinese smartphone maker huawei planning manufacture electric vehicles brand name reuters reported company talks several auto makers use car plants make electric vehicles could launch models year report added comes huawei put us trade blacklist national security concerns,automobile,0.0,negative
volkswagen working selfdriving commercial vehicles,german automaker volkswagen said working developing implementing fully autonomous commercial vehicles head volkswagens autonomous driving christian senger said company conduct field trials germany year use selfdriving system developed argo ai version allelectric idbuzz,automobile,0.0,negative
selfdriving startup aeva hires apple exexec lead supply chain,selfdriving sensor startup aeva hired former apple executive tim willis vice president global supply chain manufacturing strategy willis recently chief manufacturing global supply officer alphabets autonomous driving unit waymo aeva founded former apple engineers soroush salehian mina rezk 2017,automobile,0.0,negative
hyundai replace 82000 electric car batteries 900 mn cost,hyundai motor replace battery systems 82000 electric cars globally likely cost company estimated 900 million 1 trillion recall comes south korean government found defects hyundai vehicles battery cells recall around 76000 kona evs well ioniq ev elec city models,automobile,0.0,negative
apple talks suppliers buy selfdriving car sensors report,apple discussions multiple suppliers buy selfdriving car sensors called lidar bloomberg reported looking outside vendors supply critical hardware planned autonomous vehicle earlier nissan refuted report said talks apple tieup selfdriving car project,automobile,0.0,negative
volvo switch allelectric car range 2030,swedish automaker volvo tuesday said entire car lineup fully electric 2030 totally convinced no customers really want stay petrol engine volvo ceo hkan samuelsson said volvo said fullyelectric cars make 50 global sales 2025,automobile,0.0,negative
fiat chrysler admits bribing us labour group leaders lavish gifts,fiat chrysler automobiles pleaded guilty us charges conspired company executives make illegal lavish gifts united auto workers uaw leaders firm reached agreement us prosecutors january plead guilty pay 30 million fine us district judge paul borman accepted fiat chryslers guilty plea,automobile,0.296,positive
